{"meta": {"format": 2, "version": "7.5.1", "timestamp": "2024-05-07T10:27:23.414417", "branch_coverage": false, "show_contexts": false}, "files": {"api/__init__.py": {"executed_lines": [0], "summary": {"covered_lines": 0, "num_statements": 0, "percent_covered": 100.0, "percent_covered_display": "100", "missing_lines": 0, "excluded_lines": 0}, "missing_lines": [], "excluded_lines": []}, "api/apis/accounts.py": {"executed_lines": [1, 3, 4, 5, 6, 7, 8, 9, 10, 12, 13, 14, 19, 22, 23, 25, 26, 27, 35, 36, 37, 38, 40, 41, 42, 43, 44, 46, 50, 51, 52, 53, 55, 60, 61, 68, 69, 93, 94, 95, 98, 100], "summary": {"covered_lines": 42, "num_statements": 57, "percent_covered": 73.6842105263158, "percent_covered_display": "74", "missing_lines": 15, "excluded_lines": 0}, "missing_lines": [29, 47, 48, 63, 70, 71, 73, 76, 83, 84, 85, 87, 89, 91, 96], "excluded_lines": []}, "api/apis/todos.py": {"executed_lines": [1, 3, 5, 6, 7, 10, 11, 12, 14, 16, 17, 21, 23, 24, 25, 26, 28, 30, 31, 39, 40, 42, 44, 45, 49, 51], "summary": {"covered_lines": 26, "num_statements": 26, "percent_covered": 100.0, "percent_covered_display": "100", "missing_lines": 0, "excluded_lines": 0}, "missing_lines": [], "excluded_lines": []}, "api/apps.py": {"executed_lines": [1, 4, 5, 6], "summary": {"covered_lines": 4, "num_statements": 4, "percent_covered": 100.0, "percent_covered_display": "100", "missing_lines": 0, "excluded_lines": 0}, "missing_lines": [], "excluded_lines": []}, "api/base.py": {"executed_lines": [1, 2, 3, 5, 6, 7, 8, 9, 10, 12, 13, 14, 22, 25, 26, 27, 28, 29, 30, 33, 34, 35, 37, 39, 40, 42, 43, 44, 46, 47, 50, 51, 52, 54, 62, 63, 66, 67, 68, 69, 73, 78, 82, 83, 85, 86, 96, 98, 99, 100, 102, 115, 116, 117, 119, 121, 123, 124, 131, 132, 133, 135, 140, 141, 142, 144, 145, 146, 148, 151, 152, 154, 155, 157, 159, 161, 162, 164, 168, 169, 170, 172, 173, 175, 176, 178, 181, 183, 186, 188, 189, 191, 193, 194, 198, 206, 207, 209, 212, 213, 215, 216, 218, 219, 221, 236, 237, 238, 240, 241, 243, 244], "summary": {"covered_lines": 112, "num_statements": 150, "percent_covered": 74.66666666666667, "percent_covered_display": "75", "missing_lines": 38, "excluded_lines": 0}, "missing_lines": [55, 60, 64, 74, 75, 76, 77, 79, 80, 87, 88, 118, 120, 122, 125, 127, 134, 136, 137, 149, 184, 196, 199, 200, 201, 202, 203, 204, 210, 222, 224, 225, 227, 228, 230, 231, 233, 234], "excluded_lines": []}, "api/methods.py": {"executed_lines": [1, 3, 4, 6, 8, 16, 17, 21, 24, 25, 28, 29, 32, 35, 36, 39, 40, 43, 44, 47, 51, 54, 55], "summary": {"covered_lines": 23, "num_statements": 29, "percent_covered": 79.3103448275862, "percent_covered_display": "79", "missing_lines": 6, "excluded_lines": 0}, "missing_lines": [18, 19, 37, 41, 48, 49], "excluded_lines": []}, "api/migrations/0001_initial.py": {"executed_lines": [3, 4, 5, 7, 10, 12, 14, 18], "summary": {"covered_lines": 8, "num_statements": 8, "percent_covered": 100.0, "percent_covered_display": "100", "missing_lines": 0, "excluded_lines": 0}, "missing_lines": [], "excluded_lines": []}, "api/migrations/__init__.py": {"executed_lines": [0], "summary": {"covered_lines": 0, "num_statements": 0, "percent_covered": 100.0, "percent_covered_display": "100", "missing_lines": 0, "excluded_lines": 0}, "missing_lines": [], "excluded_lines": []}, "api/models.py": {"executed_lines": [1, 3, 6, 7, 8, 9], "summary": {"covered_lines": 6, "num_statements": 6, "percent_covered": 100.0, "percent_covered_display": "100", "missing_lines": 0, "excluded_lines": 0}, "missing_lines": [], "excluded_lines": []}, "api/serializers/accounts.py": {"executed_lines": [1, 2, 5, 6, 7, 10, 11, 14, 15, 16, 17], "summary": {"covered_lines": 11, "num_statements": 11, "percent_covered": 100.0, "percent_covered_display": "100", "missing_lines": 0, "excluded_lines": 0}, "missing_lines": [], "excluded_lines": []}, "api/serializers/todos.py": {"executed_lines": [1, 3, 6, 7, 9, 10, 11], "summary": {"covered_lines": 7, "num_statements": 7, "percent_covered": 100.0, "percent_covered_display": "100", "missing_lines": 0, "excluded_lines": 0}, "missing_lines": [], "excluded_lines": []}, "api/tests/test_accounts.py": {"executed_lines": [1, 3, 6, 7, 9, 12, 14, 15, 16, 18, 23, 25, 29, 31, 32, 33, 35, 36, 37], "summary": {"covered_lines": 19, "num_statements": 19, "percent_covered": 100.0, "percent_covered_display": "100", "missing_lines": 0, "excluded_lines": 0}, "missing_lines": [], "excluded_lines": []}, "api/tests/test_todos.py": {"executed_lines": [1, 3, 6, 7, 9, 12, 14, 16, 17, 23, 24, 25, 28, 33, 34, 37, 42, 43, 45, 51, 57, 58, 61, 65], "summary": {"covered_lines": 24, "num_statements": 24, "percent_covered": 100.0, "percent_covered_display": "100", "missing_lines": 0, "excluded_lines": 0}, "missing_lines": [], "excluded_lines": []}, "api/urls.py": {"executed_lines": [1, 2, 4, 6, 7, 8, 11], "summary": {"covered_lines": 7, "num_statements": 7, "percent_covered": 100.0, "percent_covered_display": "100", "missing_lines": 0, "excluded_lines": 0}, "missing_lines": [], "excluded_lines": []}, "core/__init__.py": {"executed_lines": [0], "summary": {"covered_lines": 0, "num_statements": 0, "percent_covered": 100.0, "percent_covered_display": "100", "missing_lines": 0, "excluded_lines": 0}, "missing_lines": [], "excluded_lines": []}, "core/exceptions.py": {"executed_lines": [1, 2, 7, 8, 11, 12, 15, 16, 21, 22, 27, 28], "summary": {"covered_lines": 12, "num_statements": 20, "percent_covered": 60.0, "percent_covered_display": "60", "missing_lines": 8, "excluded_lines": 0}, "missing_lines": [3, 4, 17, 18, 23, 24, 29, 30], "excluded_lines": []}, "core/extended_settings/allauth.py": {"executed_lines": [1, 4], "summary": {"covered_lines": 2, "num_statements": 2, "percent_covered": 100.0, "percent_covered_display": "100", "missing_lines": 0, "excluded_lines": 0}, "missing_lines": [], "excluded_lines": []}, "core/models.py": {"executed_lines": [1, 2, 5, 6, 9, 10, 13, 16, 17, 19, 20, 21], "summary": {"covered_lines": 12, "num_statements": 12, "percent_covered": 100.0, "percent_covered_display": "100", "missing_lines": 0, "excluded_lines": 0}, "missing_lines": [], "excluded_lines": []}, "core/settings.py": {"executed_lines": [1, 2, 4, 7, 9, 10, 17, 20, 22, 27, 45, 57, 59, 75, 81, 92, 111, 113, 115, 117, 123, 128, 132, 139], "summary": {"covered_lines": 24, "num_statements": 24, "percent_covered": 100.0, "percent_covered_display": "100", "missing_lines": 0, "excluded_lines": 0}, "missing_lines": [], "excluded_lines": []}, "core/urls.py": {"executed_lines": [1, 18, 19, 21], "summary": {"covered_lines": 3, "num_statements": 3, "percent_covered": 100.0, "percent_covered_display": "100", "missing_lines": 0, "excluded_lines": 0}, "missing_lines": [], "excluded_lines": []}, "manage.py": {"executed_lines": [2, 3, 4, 7, 9, 10, 11, 18, 21, 22], "summary": {"covered_lines": 10, "num_statements": 12, "percent_covered": 83.33333333333333, "percent_covered_display": "83", "missing_lines": 2, "excluded_lines": 0}, "missing_lines": [12, 13], "excluded_lines": []}, "todos/__init__.py": {"executed_lines": [0], "summary": {"covered_lines": 0, "num_statements": 0, "percent_covered": 100.0, "percent_covered_display": "100", "missing_lines": 0, "excluded_lines": 0}, "missing_lines": [], "excluded_lines": []}, "todos/admin.py": {"executed_lines": [1, 3, 7, 8, 9], "summary": {"covered_lines": 5, "num_statements": 5, "percent_covered": 100.0, "percent_covered_display": "100", "missing_lines": 0, "excluded_lines": 0}, "missing_lines": [], "excluded_lines": []}, "todos/apps.py": {"executed_lines": [1, 4, 5, 6], "summary": {"covered_lines": 4, "num_statements": 4, "percent_covered": 100.0, "percent_covered_display": "100", "missing_lines": 0, "excluded_lines": 0}, "missing_lines": [], "excluded_lines": []}, "todos/migrations/0001_initial.py": {"executed_lines": [3, 4, 5, 7, 10, 12, 14, 18], "summary": {"covered_lines": 8, "num_statements": 8, "percent_covered": 100.0, "percent_covered_display": "100", "missing_lines": 0, "excluded_lines": 0},